"IE111045750205","FEMALE","14/03/2009","LMX","19/10/2011","05/03/2016"
"IE131048070864","FEMALE","06/04/2012","LMX","10/03/2015","05/03/2016"
"IE131082680586","FEMALE","26/03/2016","LMX","22/11/2016","05/08/2016"
"IE131082680594","FEMALE","04/04/2016","LMX","22/11/2016","05/08/2016"
"IE131082690595","FEMALE","04/04/2016","LMX","22/11/2016","05/08/2016"
"IE131126990234","FEMALE","08/04/2009","LMX","29/04/2014","05/03/2016"
"IE131231480104","FEMALE","04/05/2015","LMX","15/11/2016","25/08/2016"
"IE131234010252","MALE","28/04/2015","AAX","22/11/2016","13/05/2016"
"IE131247050927","MALE","29/05/2016","LMX","15/11/2016","24/10/2016"
"IE131493520530","FEMALE","13/03/2010","LMX","10/03/2015","05/03/2016"
"IE131509650619","FEMALE","03/01/2015","LMX","31/03/2015","05/03/2016"
"IE131554240196","FEMALE","01/03/2009","CHX","08/12/2009","05/03/2016"
"IE131586020058","FEMALE","10/03/2011","LMX","24/02/2015","05/03/2016"
"IE131641730030","FEMALE","13/04/2012","LM","20/11/2014","05/03/2016"
"IE131641740048","FEMALE","04/03/2013","LM","08/01/2015","05/03/2016"
"IE131643240206","FEMALE","12/03/1999","LMX","23/06/2001","05/03/2016"
"IE131667720669","FEMALE","11/05/2009","LMX","01/12/2011","05/03/2016"
"IE131733760251","FEMALE","08/06/2012","LM","20/11/2014","05/03/2016"
"IE151320160325","FEMALE","25/10/2003","CH","31/01/2009","05/03/2016"
"IE181809060676","FEMALE","02/05/2008","LMX","01/10/2011","05/03/2016"
"IE181997120145","FEMALE","15/09/2008","LMX","01/10/2011","05/03/2016"
"IE182466920381","MALE","26/05/2006","CH","20/01/2014","05/03/2016"
"IE182546230653","FEMALE","08/04/2010","LMX","31/03/2015","05/03/2016"
"IE182548120716","FEMALE","28/02/2010","LMX","03/03/2011","05/03/2016"
"IE182573320217","FEMALE","01/01/2013","LMX","20/11/2014","05/03/2016"
"IE191106350029","FEMALE","14/03/2008","SHX","08/11/2014","05/03/2016"
"IE191425060308","FEMALE","19/03/2010","LMX","15/02/2012","05/03/2016"
"IE191469760505","MALE","12/05/2015","LMX","01/07/2015","05/03/2016"
"IE211063780497","FEMALE","13/04/2009","SIX","12/01/2012","05/03/2016"
"IE221351420442","FEMALE","06/06/2009","BAX","03/03/2012","05/03/2016"
"IE241255450997","FEMALE","01/06/2008","AAX","29/04/2014","05/03/2016"
"IE241255481008","FEMALE","17/08/2008","AAX","29/04/2014","05/03/2016"
"IE241255411050","FEMALE","01/03/2009","AAX","29/04/2014","05/03/2016"
"IE241255481081","FEMALE","05/05/2009","AAX","29/04/2014","05/03/2016"
"IE241264090477","FEMALE","22/04/2006","LMX","07/06/2008","05/03/2016"
"IE241360060777","FEMALE","04/04/2009","LMX","29/04/2014","05/03/2016"
"IE241550731078","MALE","12/12/2015","FR","08/01/2016","05/03/2016"
"IE241600120310","FEMALE","20/07/2005","CHX","","05/03/2016"
"IE241600120376","FEMALE","11/06/2007","CHX","","05/03/2016"
"IE241600130377","FEMALE","13/06/2007","CHX","","05/03/2016"
"IE241600130435","FEMALE","25/06/2007","CHX","","05/03/2016"
"IE241600150461","FEMALE","10/02/2009","CHX","","05/03/2016"
"IE241600160462","FEMALE","11/02/2009","LMX","","05/03/2016"
"IE241600140477","FEMALE","01/08/2009","CHX","","05/03/2016"
"IE241600150619","FEMALE","17/04/2014","CHX","","05/03/2016"
"IE241600110648","FEMALE","17/10/2014","CHX","","05/03/2016"
"IE241600140650","FEMALE","22/01/2015","CHX","","05/03/2016"
"IE241600150651","FEMALE","24/01/2015","CHX","","05/03/2016"
"IE241600160652","FEMALE","26/01/2015","CHX","","05/03/2016"
"IE241600190655","FEMALE","02/02/2015","CHX","","05/03/2016"
"IE241600110656","FEMALE","03/02/2015","CHX","","05/03/2016"
"IE241600130658","FEMALE","06/02/2015","CHX","","05/03/2016"
"IE241600140659","MALE","18/02/2015","CHX","","05/03/2016"
"IE241600180662","FEMALE","27/03/2015","CHX","","05/03/2016"
"IE241600190663","FEMALE","28/03/2015","CHX","","05/03/2016"
"IE241600110664","FEMALE","28/03/2015","CHX","","05/03/2016"
"IE241600120665","FEMALE","29/03/2015","CHX","","05/03/2016"
"IE241600140667","MALE","30/03/2015","CHX","","05/03/2016"
"IE241600180670","FEMALE","31/03/2015","CHX","","05/03/2016"
"IE241600190671","FEMALE","01/04/2015","CHX","","05/03/2016"
"IE241600110672","FEMALE","02/04/2015","CHX","","05/03/2016"
"IE241600120673","MALE","05/04/2015","CHX","","05/03/2016"
"IE241600130674","FEMALE","06/04/2015","CHX","","05/03/2016"
"IE241600140675","MALE","03/04/2015","CHX","","05/03/2016"
"IE241600170678","FEMALE","11/04/2015","CHX","","05/03/2016"
"IE241600180679","MALE","08/04/2015","CHX","","05/03/2016"
"IE241600120681","FEMALE","10/04/2015","CHX","","05/03/2016"
"IE241600150684","MALE","28/04/2015","CHX","","05/03/2016"
"IE241600170686","FEMALE","29/04/2015","CHX","","05/03/2016"
"IE241600190688","FEMALE","02/05/2015","CHX","","05/03/2016"
"IE241600110689","MALE","03/05/2015","LMX","","05/03/2016"
"IE241600130690","MALE","15/05/2015","LM","","05/03/2016"
"IE241600140691","FEMALE","18/05/2015","LM","","05/03/2016"
"IE241600150692","FEMALE","25/05/2015","LM","","05/03/2016"
"IE241600160693","MALE","25/07/2015","CHX","","05/03/2016"
"IE241600170694","FEMALE","27/07/2015","CHX","","05/03/2016"
"IE241600180695","MALE","06/06/2015","CHX","","05/03/2016"
"IE241600190696","MALE","28/07/2015","CHX","","05/03/2016"
"IE241600110697","FEMALE","10/08/2015","CH","","05/03/2016"
"IE241600120698","MALE","10/08/2015","CHX","","05/03/2016"
"IE241600130699","FEMALE","13/08/2015","CHX","","05/03/2016"
"IE241600140700","FEMALE","15/08/2015","CHX","","05/03/2016"
"IE241600150701","FEMALE","18/08/2015","CHX","","05/03/2016"
"IE241600160702","FEMALE","15/09/2015","CHX","","05/03/2016"
"IE241600170703","FEMALE","12/11/2015","CHX","","05/03/2016"
"IE241600180704","MALE","12/11/2015","CHX","","05/03/2016"
"IE241600190705","MALE","19/12/2015","CHX","","05/03/2016"
"IE241600110706","MALE","19/12/2015","CHX","","05/03/2016"
"IE241600120707","FEMALE","20/12/2015","LMX","","05/03/2016"
"IE241600130708","FEMALE","21/12/2015","CHX","","05/03/2016"
"IE241600140709","MALE","22/12/2015","AAX","","05/03/2016"
"IE241600160710","FEMALE","23/12/2015","CHX","","05/03/2016"
"IE241600180712","MALE","25/12/2015","CHX","","05/03/2016"
"IE241600190713","MALE","25/12/2015","CHX","","05/03/2016"
"IE241600110714","FEMALE","26/12/2015","AAX","","05/03/2016"
"IE241600120715","MALE","27/12/2015","LMX","","05/03/2016"
"IE241600130716","FEMALE","27/12/2015","LMX","","05/03/2016"
"IE241600140717","FEMALE","28/12/2015","CHX","","05/03/2016"
"IE241600160719","MALE","28/12/2015","CHX","","05/03/2016"
"IE241600180720","MALE","29/12/2015","CHX","","05/03/2016"
"IE241600190721","FEMALE","30/12/2015","LMX","","05/03/2016"
"IE241600110722","FEMALE","30/12/2015","CHX","","05/03/2016"
"IE241600120723","FEMALE","28/12/2015","LMX","","05/03/2016"
"IE241600140725","MALE","31/12/2015","LMX","","05/03/2016"
"IE241600150726","MALE","31/12/2015","LMX","","05/03/2016"
"IE241600160727","FEMALE","28/01/2016","CHX","","05/03/2016"
"IE241600170728","MALE","12/02/2016","CHX","","05/03/2016"
"IE241600180729","MALE","12/02/2016","CHX","","05/03/2016"
"IE241600110730","FEMALE","13/02/2016","CHX","","05/03/2016"
"IE241600140733","MALE","28/02/2016","CHX","",""
"IE241600150734","MALE","29/02/2016","CHX","",""
"IE241600160735","MALE","01/03/2016","CHX","",""
"IE241600170736","FEMALE","05/03/2016","CHX","",""
"IE241600180737","MALE","05/03/2016","CHX","",""
"IE241600190738","MALE","14/03/2016","CHX","",""
"IE241600110739","FEMALE","15/03/2016","CHX","",""
"IE241600130740","MALE","17/03/2016","CHX","",""
"IE241600140741","FEMALE","18/03/2016","CHX","",""
"IE241600150742","MALE","19/03/2016","CHX","",""
"IE241600160743","MALE","22/03/2016","CHX","",""
"IE241600170744","MALE","23/03/2016","CHX","",""
"IE241600180745","FEMALE","25/03/2016","CHX","",""
"IE241600190746","FEMALE","27/03/2016","CHX","",""
"IE241600110747","MALE","31/03/2016","CHX","",""
"IE241600130749","MALE","07/04/2016","CHX","",""
"IE241600150750","MALE","01/05/2016","CHX","",""
"IE241600160751","FEMALE","02/05/2016","CHX","",""
"IE241600170752","MALE","04/05/2016","CHX","",""
"IE241600180753","FEMALE","05/05/2016","CHX","",""
"IE241600190754","FEMALE","06/05/2016","CHX","",""
"IE241600110755","MALE","10/05/2016","CHX","",""
"IE241600120756","FEMALE","10/05/2016","CHX","",""
"IE241600150759","FEMALE","10/05/2016","CHX","",""
"IE241600170760","MALE","15/05/2016","CHX","",""
"IE241600180761","FEMALE","04/06/2016","CHX","",""
"IE241600190762","FEMALE","05/06/2016","CHX","",""
"IE241600110763","FEMALE","05/06/2016","CHX","",""
"IE241600120764","MALE","23/06/2016","CHX","",""
"IE241600130765","FEMALE","30/06/2016","CHX","",""
"IE241600140766","MALE","14/07/2016","CHX","",""
"IE241600150767","FEMALE","01/08/2016","CH","",""
"IE241600160768","FEMALE","14/08/2016","CHX","",""
"IE241611090975","FEMALE","01/05/2009","AAX","29/04/2014","05/03/2016"
"IE241912320100","FEMALE","15/12/2012","LM","20/11/2014","05/03/2016"
"IE241912310140","FEMALE","01/02/2014","LM","14/10/2014","05/03/2016"
"IE241912340168","FEMALE","12/02/2014","LMX","14/10/2014","05/03/2016"
"IE241912370170","FEMALE","13/02/2014","LMX","14/10/2014","05/03/2016"
"IE301064391111","FEMALE","13/03/2011","CHX","29/03/2014","05/03/2016"
"IE311503790353","FEMALE","01/01/2006","LMX","12/01/2009","05/03/2016"
"IE331062120156","FEMALE","12/07/2006","LMX","12/01/2009","05/03/2016"
"IE331220510304","FEMALE","26/01/2007","LMX","27/12/2013","05/03/2016"
"IE331233870102","FEMALE","21/03/2005","HE","05/08/2008","05/03/2016"
"IE331383190293","FEMALE","14/03/2012","LMX","28/03/2014","05/03/2016"
"IE341395570001","FEMALE","10/05/2012","AAX","31/03/2015","05/03/2016"
"IE341416090721","FEMALE","28/02/2014","SAX","29/04/2014","05/03/2016"
"IE341416050734","FEMALE","24/03/2014","SAX","29/04/2014","05/03/2016"
"IE341422950996","FEMALE","17/02/2014","HEX","03/12/2015","05/03/2016"
"IE341422960997","FEMALE","23/02/2014","HEX","28/11/2015","05/03/2016"
"IE341422921001","FEMALE","27/02/2014","HEX","28/11/2015","05/03/2016"
"IE341422971006","FEMALE","02/03/2014","HEX","28/11/2015","05/03/2016"
"IE341422911009","FEMALE","07/03/2014","HEX","28/11/2015","05/03/2016"
"IE341422941011","FEMALE","08/03/2014","HEX","28/11/2015","05/03/2016"
"IE341422951012","FEMALE","08/03/2014","AAX","03/12/2015","05/03/2016"
"IE341422971014","FEMALE","13/03/2014","HEX","28/11/2015","05/03/2016"
"IE341490630838","FEMALE","12/02/2014","HEX","28/11/2015","05/03/2016"
"IE341490670841","FEMALE","12/02/2014","HEX","28/11/2015","05/03/2016"
"IE341490680859","FEMALE","04/03/2014","HEX","03/12/2015","05/03/2016"
"IE341490610860","FEMALE","07/03/2014","HEX","03/12/2015","05/03/2016"
"IE341500360486","FEMALE","20/07/2009","LMX","29/03/2014","05/03/2016"
"IE361394950051","FEMALE","04/04/2006","LMX","12/01/2009","05/03/2016"
